País,Fecha,Ranking de la Brecha de Género,Índice de la Brecha de Género,Densidad,Hombres,Mujeres,Población
España,12-2020,8,0.795,94,23227282,24171413,47398695
España,12-2018,29,0.746,93,23009259,23927801,46937060
España,12-2017,24,0.746,92,22881882,23776565,46658447
España,12-2016,29,0.7384,92,22834227,23692812,46527039
España,12-2015,25,0.742,92,22807464,23632635,46440099
España,12-2014,29,0.7325,92,22826546,23623019,46449565
España,12-2013,30,0.7266,92,22877461,23634738,46512199
España,12-2012,26,0.7266,92,23017758,23710132,46727890
España,12-2011,12,0.758,93,23099009,23719207,46818216
España,12-2010,11,0.7554,92,23049476,23617698,46667175
España,12-2009,17,0.7345,92,22982272,23504349,46486621
España,12-2008,17,0.7281,91,22880534,23358736,46239271
España,12-2007,10,0.7444,90,22591484,23077454,45668938
España,12-2006,11,0.7319,89,22118970,22665689,44784659
Alemania,12-2020,10,0.787,233,0,0,83155031
Alemania,12-2018,14,0.776,232,40966691,42052522,83019213
Alemania,12-2017,12,0.778,232,40843565,41948786,82792351
Alemania,12-2016,13,0.7656,231,40697118,41824535,82521653
Alemania,12-2015,11,0.779,230,40514123,41661561,82175684
Alemania,12-2014,12,0.778,227,39835457,41362080,81197537
Alemania,12-2013,14,0.7583,226,39556923,41210540,80767463
Alemania,12-2012,13,0.7629,225,39380976,41142770,80523746
Alemania,12-2011,11,0.759,225,39229947,41097953,80327900
Alemania,12-2010,13,0.753,225,39124600,41097465,80222065
Alemania,12-2009,12,0.7449,229,40103606,41698651,81802257
Alemania,12-2008,11,0.7394,230,40184283,41818073,82002356
Alemania,12-2007,7,0.7618,230,40274292,41943545,82217837
Alemania,12-2006,5,0.7524,231,40301166,42013740,82314906
Reino Unido,12-2020,21,0.767,,,,
Reino Unido,12-2018,15,0.774,274,32901036,33746076,66647112
Reino Unido,12-2017,15,0.77,272,32709956,33563620,66273576
Reino Unido,12-2016,20,0.7521,270,32479738,33364404,65844142
Reino Unido,12-2015,18,0.758,268,32226060,33152984,65379044
Reino Unido,12-2014,26,0.7383,266,31934099,32919294,64853393
Reino Unido,12-2013,18,0.744,264,31663387,32687816,64351203
Reino Unido,12-2012,18,0.7433,262,31424121,32481221,63905342
Reino Unido,12-2011,16,0.7462,261,31206241,32288847,63495088
Reino Unido,12-2010,15,0.746,259,30951490,32071042,63022532
Reino Unido,12-2009,15,0.7402,257,30668969,31841228,62510197
Reino Unido,12-2008,13,0.7366,255,30416523,31625820,62042343
Reino Unido,12-2007,11,0.7441,253,30164349,31407298,61571647
Reino Unido,12-2006,9,0.7365,251,29894834,31178445,61073279
Francia,12-2020,15,0.781,123,0,0,67439599
Francia,12-2018,12,0.779,122,32475891,34701745,67177636
Francia,12-2017,11,0.778,122,32414230,34611994,67026224
Francia,12-2016,17,0.755,122,32314352,34495464,66809816
Francia,12-2015,15,0.761,121,32247386,34391005,66638391
Francia,12-2014,16,0.7588,121,32174258,34283895,66458153
Francia,12-2013,45,0.7089,121,32045129,34120851,66165980
Francia,12-2012,57,0.6984,119,31772665,33827685,65600350
Francia,12-2011,48,0.7018,119,31605383,33671600,65276983
Francia,12-2010,46,0.7025,118,31462902,33515819,64978721
Francia,12-2009,18,0.7331,118,31301764,33357092,64658856
Francia,12-2008,15,0.7341,117,31147979,33202247,64350226
Francia,12-2007,51,0.6824,117,30980230,33026963,64007193
Francia,12-2006,70,0.652,116,30803233,32841832,63645065
Italia,12-2020,76,0.707,196,0,0,59257566
Italia,12-2018,70,0.706,198,29131195,30685478,59816673
Italia,12-2017,82,0.692,201,29427607,31056366,60483973
Italia,12-2016,50,0.7186,201,29445741,31143704,60589445
Italia,12-2015,41,0.726,201,29456321,31209230,60665551
Italia,12-2014,69,0.6973,202,29501590,31294022,60795612
Italia,12-2013,71,0.6885,202,29484564,31298104,60782668
Italia,12-2012,80,0.6729,198,28889597,30795630,59685227
Italia,12-2011,74,0.6796,197,28726599,30667608,59394207
Italia,12-2010,74,0.6765,197,28715256,30649434,59364690
Italia,12-2009,72,0.6798,196,28649385,30540758,59190143
Italia,12-2008,67,0.6788,196,28570007,30430579,59000586
Italia,12-2007,84,0.6498,195,28411242,30241633,58652875
Italia,12-2006,77,0.6456,193,28212234,30011510,58223744
Portugal,12-2020,35,0.744,112,0,0,10298252
Portugal,12-2018,37,0.732,111,4852366,5424251,10276617
Portugal,12-2017,33,0.734,112,4867692,5423335,10291027
Portugal,12-2016,31,0.7369,112,4882456,5427117,10309573
Portugal,12-2015,39,0.731,112,4901509,5439821,10341330
Portugal,12-2014,39,0.7243,112,4923666,5451156,10374822
Portugal,12-2013,51,0.7056,113,4958020,5469281,10427301
Portugal,12-2012,47,0.7071,114,4995697,5491592,10487289
Portugal,12-2011,35,0.7144,114,5030437,5511961,10542398
Portugal,12-2010,32,0.7171,115,5053543,5519178,10572721
Portugal,12-2009,46,0.7013,115,5063745,5509734,10573479
Portugal,12-2008,39,0.7051,115,5066239,5496775,10563014
Portugal,12-2007,37,0.6959,115,5069747,5483592,10553339
Portugal,12-2006,33,0.6922,114,5064395,5468193,10532588
Estados Unidos,12-2020,53,0.724,34,163034623,166449500,329770000
Estados Unidos,12-2018,51,0.72,33,161719493,165118706,327023000
Estados Unidos,12-2017,49,0.718,33,160859432,164262696,325280000
Estados Unidos,12-2016,45,0.722,33,159825817,163245938,323127513
Estados Unidos,12-2015,28,0.74,33,158643212,162095782,320896618
Estados Unidos,12-2014,20,0.7463,32,157439895,160946434,318563456
Estados Unidos,12-2013,23,0.7392,32,156240138,159819809,316204908
Estados Unidos,12-2012,22,0.7373,32,155107653,158770009,313998379
Estados Unidos,12-2011,17,0.7412,32,153923475,157660006,311663358
Estados Unidos,12-2010,19,0.7411,31,152766811,156560332,309348193
Estados Unidos,12-2009,31,0.7173,31,151473510,155298019,306771529
Estados Unidos,12-2008,27,0.7179,31,150129032,153964934,304093966
Estados Unidos,12-2007,31,0.7002,31,148697409,152533798,301231207
Estados Unidos,12-2006,23,0.7042,31,147268698,151111214,298379912
Japón,12-2020,121,0.652,333,61440347,64395674,125836021
Japón,12-2018,110,0.662,335,61797750,64731350,126495000
Japón,12-2017,114,0.657,335,61932014,64853783,126746000
Japón,12-2016,111,0.6602,336,62043043,64951468,126960000
Japón,12-2015,101,0.67,336,62124278,65016722,126978000
Japón,12-2014,104,0.6584,336,62200548,65075452,127120000
Japón,12-2013,105,0.6498,337,62294204,65150796,127333000
Japón,12-2012,101,0.653,337,62396539,65232461,127552000
Japón,12-2011,98,0.6514,338,62510675,65322325,127831000
Japón,12-2010,94,0.6524,338,62643467,65426533,127594000
Japón,12-2009,101,0.6445,337,62651819,65395181,127551000
Japón,12-2008,98,0.6434,338,62681766,65381234,127692000
Japón,12-2007,91,0.6455,338,62675474,65325526,127757000
Japón,12-2006,80,0.6447,338,62628628,65225372,127746000
China,12-2020,106,0.676,147,723683488,687245874,1414350000
China,12-2018,103,0.673,146,719905214,682854786,1405410000
China,12-2017,100,0.674,146,716728147,679486853,1400110000
China,12-2016,99,0.6758,145,712569385,675220615,1392320000
China,12-2015,91,0.682,144,708647978,671212022,1383260000
China,12-2014,87,0.683,143,704675333,667184667,1376460000
China,12-2013,69,0.6908,142,697280000,663440000,1360720000
China,12-2012,69,0.6853,141,693950000,660090000,1354040000
China,12-2011,61,0.6866,140,690680000,656670000,1347350000
China,12-2010,61,0.6881,140,687484557,653425443,1340910000
China,12-2009,60,0.6907,139,686466800,648033200,1334500000
China,12-2008,57,0.6878,138,683570000,644450000,1328020000
China,12-2007,73,0.6643,138,680480000,640810000,1321290000
China,12-2006,63,0.6561,137,677280000,637200000,1314480000
Emiratos Árabes Unidos,12-2020,120,0.655,94,6836349,3054051,9282000
Emiratos Árabes Unidos,12-2018,121,0.642,95,6680357,2950609,9367000
Emiratos Árabes Unidos,12-2017,120,0.649,94,6595482,2891724,9304000
Emiratos Árabes Unidos,12-2016,124,0.639,92,6537834,2823141,9121000
Emiratos Árabes Unidos,12-2015,119,0.646,91,6520854,2742042,8939000
Emiratos Árabes Unidos,12-2014,115,0.6436,89,6565277,2648905,8799000
Emiratos Árabes Unidos,12-2013,109,0.6372,88,6653157,2544751,8661000
Emiratos Árabes Unidos,12-2012,107,0.6392,86,6713315,2428283,8526000
Emiratos Árabes Unidos,12-2011,103,0.6454,85,6648748,2298030,8394000
Emiratos Árabes Unidos,12-2010,103,0.6397,84,6395966,2154032,8264000
Emiratos Árabes Unidos,12-2009,112,0.6198,83,5922677,1994691,8200000
Emiratos Árabes Unidos,12-2008,105,0.622,82,5266106,1823380,8074000
Emiratos Árabes Unidos,12-2007,105,0.6184,63,4517658,1651188,6219000
Emiratos Árabes Unidos,12-2006,101,0.5919,51,3807368,1492804,5012000
Albania,12-2020,20,0.769,98,0,0,2829741
Albania,12-2018,34,0.734,100,1429594,1432833,2862427
Albania,12-2017,38,0.728,100,1438609,1431715,2870324
Albania,12-2016,62,0.7036,100,1453541,1423050,2876591
Albania,12-2015,70,0.701,100,1458451,1417141,2875592
Albania,12-2014,83,0.6869,100,1461199,1424597,2885796
Albania,12-2013,108,0.6412,101,1461567,1430827,2892394
Albania,12-2012,91,0.6655,101,1460577,1437193,2897770
Albania,12-2011,78,0.6748,101,1458774,1444234,2903008
Albania,12-2010,78,0.6726,101,1455670,1451691,2907361
Albania,12-2009,91,0.6601,102,1459649,1459025,2918674
Albania,12-2008,87,0.6591,102,1467420,1468935,2936355
Albania,12-2007,66,0.6685,103,1477908,1480358,2958266
Albania,12-2006,61,0.6607,104,1489316,1492439,2981755
Armenia,12-2020,98,0.684,100,1393747,1569487,2963251
Armenia,12-2018,98,0.678,100,1401731,1563538,2965269
Armenia,12-2017,97,0.677,100,1408199,1564533,2972732
Armenia,12-2016,102,0.6693,100,1418771,1567380,2986151
Armenia,12-2015,105,0.668,101,1429042,1569535,2998577
Armenia,12-2014,103,0.6622,101,1439148,1571450,3010598
Armenia,12-2013,94,0.6634,101,1443497,1573582,3017079
Armenia,12-2012,92,0.6636,102,1351255,1532984,3026878
Armenia,12-2011,84,0.6654,110,1590285,1684000,3274285
Armenia,12-2010,84,0.6669,110,1583584,1679066,3262650
Armenia,12-2009,90,0.6619,109,1575826,1673656,3249482
Armenia,12-2008,78,0.6677,109,1568265,1669711,3237976
Armenia,12-2007,71,0.6651,109,1562557,1667529,3230086
Angola,12-2020,118,0.66,26,16260870,16605398,32866268
Angola,12-2018,125,0.633,25,15241459,15568328,30809787
Angola,12-2017,123,0.64,23,14749319,15067450,28377000
Angola,12-2016,117,0.6432,22,14266355,14576127,27503000
Angola,12-2015,126,0.637,21,13791244,14093136,26681000
Angola,12-2014,121,0.6311,21,13323488,13618285,25901000
Angola,12-2013,92,0.6659,20,12863801,13151985,25147000
Angola,12-2011,87,0.6624,19,11974824,12245836,23703000
Angola,12-2010,81,0.6712,18,11549277,11806970,23013000
Angola,12-2009,106,0.6353,18,11137010,11377265,22342000
Angola,12-2008,114,0.6032,17,10738130,10957506,21692000
Angola,12-2007,110,0.6034,17,10354340,10551020,21060000
Angola,12-2006,96,0.6038,16,9987680,10162225,20446000
Argentina,12-2020,30,0.746,16,22137442,23239321,45376763
Argentina,12-2018,36,0.733,16,21696699,22797803,44495000
Argentina,12-2017,34,0.732,16,21472290,22572521,44045000
Argentina,12-2016,33,0.7352,16,21245521,22344847,43590000
Argentina,12-2015,35,0.734,16,21016705,22115261,43132000
Argentina,12-2014,31,0.7317,15,20785770,21883730,42670000
Argentina,12-2013,34,0.7195,15,20552749,21650186,42203000
Argentina,12-2012,32,0.7212,15,20318174,21415097,41733000
Argentina,12-2011,28,0.7236,15,20082606,21178884,41261000
Argentina,12-2010,29,0.7187,15,19846543,20941910,40788000
Argentina,12-2009,24,0.7211,14,19692182,20790604,40134000
Argentina,12-2008,24,0.7209,14,19490949,20589210,39746000
Argentina,12-2007,33,0.6982,14,19293169,20391134,39356000
Argentina,12-2006,41,0.6829,14,19095976,20193900,38971000
Austria,12-2020,34,0.744,106,0,0,8932664
Austria,12-2018,53,0.718,106,4357033,4501742,8858775
Austria,12-2017,57,0.709,105,4338518,4483749,8822267
Austria,12-2016,52,0.7158,105,4312441,4460424,8772865
Austria,12-2015,37,0.733,104,4272553,4427918,8700471
Austria,12-2014,36,0.7266,102,4200397,4384529,8584926
Austria,12-2013,19,0.7437,101,4155339,4352447,8507786
Austria,12-2012,20,0.7391,101,4123622,4328238,8451860
Austria,12-2011,34,0.7165,100,4098144,4309977,8408121
Austria,12-2010,37,0.7091,100,4078871,4296293,8375164
Austria,12-2009,42,0.7031,100,4066201,4285442,8351643
Austria,12-2008,29,0.7153,99,4056935,4278068,8335003
Austria,12-2007,27,0.706,99,4042489,4265500,8307989
Austria,12-2006,27,0.6986,99,4030062,4252922,8282984
Australia,12-2020,44,0.731,3,12791828,12895213,25694000
Australia,12-2018,39,0.73,3,12441473,12541215,25171000
Australia,12-2017,35,0.731,3,12252228,12349632,24773000
Australia,12-2016,46,0.7214,3,12049619,12141288,24390000
Australia,12-2015,36,0.733,3,11867302,11948693,23985000
Australia,12-2014,24,0.7409,3,11705167,11770519,23640000
Australia,12-2013,24,0.739,3,11541758,11586371,23298000
Australia,12-2012,25,0.7294,3,11355294,11378171,22928000
Australia,12-2011,23,0.7291,3,11167269,11172755,22522000
Australia,12-2010,23,0.7271,3,11017892,11013858,22172000
Australia,12-2009,20,0.7282,3,10847891,10843809,21866000
Australia,12-2008,21,0.7241,3,10622626,10626574,21476000
Australia,12-2007,17,0.7204,3,10405448,10422152,21016000
Australia,12-2006,15,0.7163,3,10334118,10363782,20628000
Azerbaiyán,12-2020,94,0.687,117,5041659,5051462,10119133
Azerbaiyán,12-2018,97,0.68,115,4982404,4999053,9981457
Azerbaiyán,12-2017,98,0.676,114,4938027,4960058,9898085
Azerbaiyán,12-2016,86,0.6837,113,4891210,4918771,9809981
Azerbaiyán,12-2015,96,0.675,112,4835641,4870002,9705643
Azerbaiyán,12-2014,94,0.6753,111,4775857,4817181,9593038
Azerbaiyán,12-2013,99,0.6582,109,4713548,4763571,9477119
Azerbaiyán,12-2012,99,0.6546,108,4648793,4707690,9356483
Azerbaiyán,12-2011,91,0.6577,107,4583484,4651601,9235085
Azerbaiyán,12-2010,100,0.6446,105,4517055,4594023,9111078
Azerbaiyán,12-2009,89,0.6626,104,4455503,4542083,8997586
Azerbaiyán,12-2008,61,0.6856,103,4358300,4538600,8896900
Azerbaiyán,12-2007,59,0.6781,100,4258100,4371800,8629900
Bosnia y Herzegovina,12-2020,69,0.712,,,,
Bosnia y Herzegovina,12-2018,62,0.712,,,,
Bosnia y Herzegovina,12-2017,66,0.702,,,,
Bosnia y Herzegovina,12-2016,83,0.685,,,,
Barbados,12-2020,28,0.749,,,,
Barbados,12-2018,21,0.753,,,,
Barbados,12-2017,23,0.75,,,,
Barbados,12-2016,28,0.7388,,,,
Barbados,12-2015,24,0.744,,,,
Barbados,12-2014,33,0.7289,,,,
Barbados,12-2013,29,0.7301,,,,
Barbados,12-2012,27,0.7232,,,,
Barbados,12-2011,33,0.717,,,,
Barbados,12-2010,31,0.7176,,,,
Barbados,12-2009,21,0.7236,,,,
Barbados,12-2008,26,0.7188,,,,
Bangladés,12-2020,50,0.726,,,,
Bangladés,12-2018,48,0.721,,,,
Bangladés,12-2017,47,0.719,,,,
Bangladés,12-2016,72,0.6983,,,,
Bangladés,12-2015,64,0.704,,,,
Bangladés,12-2014,68,0.6973,,,,
Bangladés,12-2013,75,0.6848,,,,
Bangladés,12-2012,86,0.6684,,,,
Bangladés,12-2011,69,0.6812,,,,
Bangladés,12-2010,82,0.6702,,,,
Bangladés,12-2009,93,0.6526,,,,
Bangladés,12-2008,90,0.6531,,,,
Bangladés,12-2007,100,0.6314,,,,
Bangladés,12-2006,91,0.627,,,,
España,06-2021,,,94,23188901,24137787,47326687
España,06-2020,,,94,23208782,24146903,47355685
España,12-2019,,,94,23199313,24133301,47332614
España,06-2019,,,93,23091898,24013460,47105358
España,06-2018,,,92,22911649,23817165,46728814
España,06-2017,,,92,22829748,23703121,46532869
España,06-2016,,,92,22805230,23644644,46449874
España,06-2015,,,92,22800864,23609285,46410149
España,06-2014,,,92,22840091,23615032,46455123
España,06-2013,,,92,22933750,23659486,46593236
España,06-2012,,,92,23055722,23710682,46766403
España,06-2011,,,92,23073274,23662983,46736257
España,06-2010,,,92,23008580,23553902,46562483
España,06-2009,,,92,22934502,23433048,46367550
España,06-2008,,,91,22756864,23226305,45983169
España,06-2007,,,90,22362074,22873931,45236004
España,06-2006,,,88,21900709,22459813,44360521
España,12-2005,,,87,21719317,22290652,44009969
España,06-2005,,,86,21541965,22120648,43662613
España,12-2004,,,86,21335283,21961052,43296335
España,06-2004,,,85,21093052,21766121,42859172
España,12-2003,,,84,20924581,21622873,42547454
España,06-2003,,,84,20737999,21458232,42196231
España,12-2002,,,83,20542468,21285368,41827836
España,06-2002,,,82,20326854,21096666,41423520
España,12-2001,,,81,20115522,20919749,41035271
España,06-2001,,,81,19973044,20793005,40766049
España,12-2000,,,81,19923892,20741653,40665545
España,06-2000,,,80,19868636,20685751,40554387
España,12-1999,,,80,19826339,20643843,40470182
España,06-1999,,,80,19777139,20592527,40369667
España,12-1998,,,80,19744257,20559311,40303568
España,06-1998,,,79,19699794,20514272,40214066
España,12-1997,,,79,19664565,20478884,40143449
España,06-1997,,,79,19618845,20431129,40049974
España,12-1996,,,79,19579778,20391551,39971329
España,06-1996,,,79,19537708,20346538,39884246
España,12-1995,,,79,19500458,20307916,39808374
España,06-1995,,,78,19456911,20261984,39718895
España,12-1994,,,78,19417999,20221727,39639726
España,06-1994,,,78,19372716,20174637,39547353
España,12-1993,,,78,19328299,20130190,39458489
España,06-1993,,,78,19277470,20078612,39356082
España,12-1992,,,78,19231389,20032646,39264034
España,06-1992,,,77,19174451,19973488,39147940
España,12-1991,,,77,19126029,19925307,39051336
España,06-1991,,,77,19071305,19870317,38941622
España,12-1990,,,77,19042818,19838598,38881416
España,06-1990,,,77,19038475,19822352,38860827
España,12-1989,,,77,19039785,19813442,38853227
España,06-1989,,,77,19029472,19791905,38821377
España,12-1988,,,77,19023679,19778621,38802300
España,06-1988,,,77,19008691,19755616,38764307
España,12-1987,,,77,18995710,19735868,38731578
España,06-1987,,,76,18974705,19707616,38682322
España,12-1986,,,76,18954956,19683096,38638052
España,06-1986,,,76,18925182,19646759,38571941
España,12-1985,,,76,18906124,19625072,38531195
España,06-1985,,,76,18876875,19590150,38467025
España,12-1984,,,76,18849258,19558571,38407829
España,06-1984,,,76,18810578,19514666,38325244
España,12-1983,,,76,18775089,19477809,38252899
España,06-1983,,,75,18730311,19429953,38160263
España,12-1982,,,75,18695393,19394759,38090151
España,06-1982,,,75,18644480,19342628,37987108
España,12-1981,,,75,18591423,19290449,37881873
España,06-1981,,,75,18532874,19231584,37764458
España,12-1980,,,74,18467449,19167940,37635389
España,06-1980,,,74,18396289,19096782,37493072
España,12-1979,,,74,18323513,19023427,37346940
España,06-1979,,,74,18247247,18947068,37194315
España,12-1978,,,73,18167281,18868438,37035719
España,06-1978,,,73,18082153,18785947,36868100
España,12-1977,,,73,17993218,18700859,36694077
España,06-1977,,,72,17899596,18607215,36506811
España,12-1976,,,72,17807322,18521877,36329199
España,06-1976,,,71,17705447,18422078,36127525
España,12-1975,,,71,17612561,18333864,35946425
España,06-1975,,,71,17512929,18237105,35750033
España,12-1974,,,70,17419371,18150004,35569375
España,06-1974,,,70,17314892,18048997,35363890
España,12-1973,,,70,17220063,17957230,35177294
España,06-1973,,,69,17119603,17860714,34980317
España,12-1972,,,69,17027972,17772628,34800600
España,06-1972,,,68,16923533,17672353,34595886
España,12-1971,,,68,16827942,17580397,34408338
Alemania,12-2019,,,233,41037613,42129098,83166711
Alemania,12-2005,,,231,40339961,42098034,82437995
Alemania,12-2004,,,231,40353627,42147222,82500849
Alemania,12-2003,,,231,40356014,42175657,82531671
Alemania,12-2002,,,231,40344879,42191801,82536680
Alemania,12-2001,,,231,40274676,42165633,82440309
Alemania,12-2000,,,230,40156536,42103004,82259540
Alemania,12-1999,,,230,40090776,42072699,82163475
Alemania,12-1998,,,230,40004142,42032869,82037011
Alemania,12-1997,,,230,39992311,42065068,82057379
Alemania,12-1996,,,230,39954835,42057327,82012162
Alemania,12-1995,,,229,39824823,41992676,81817499
Alemania,12-1994,,,228,39644965,41893638,81538603
Alemania,12-1993,,,228,39518484,41819609,81338093
Alemania,12-1992,,,227,39300081,41674551,80974632
Alemania,12-1991,,,225,38839103,41435461,80274564
Alemania,12-1990,,,223,38499977,41253250,79753227
Alemania,12-1989,,,176,30236438,32442597,62679035
Alemania,12-1988,,,173,29693115,32021988,61715103
Alemania,12-1987,,,172,29419390,31818689,61238079
Alemania,12-1986,,,171,29285381,31855080,61140461
Alemania,12-1985,,,171,29190016,31830458,61020474
Alemania,12-1984,,,171,29179721,31869535,61049256
Alemania,12-1983,,,172,29305788,32000881,61306669
Alemania,12-1982,,,172,29427855,32118246,61546101
Alemania,12-1981,,,173,29522856,32189833,61712689
Alemania,12-1980,,,173,29481040,32176912,61657952
Alemania,12-1979,,,172,29317070,32122268,61439338
Alemania,12-1978,,,172,29214271,32107392,61321663
Alemania,12-1977,,,172,29216516,32136229,61352745
Alemania,12-1976,,,172,29262796,32179200,61441996
Alemania,12-1975,,,173,29381500,32263124,61644624
Alemania,12-1974,,,174,29604450,32387025,61991475
Alemania,12-1973,,,174,29713752,32387627,62101379
Alemania,12-1972,,,173,29533234,32276124,61809358
Alemania,12-1971,,,172,29367427,32135076,61502503
Alemania,12-1970,,,171,29071621,31929543,61001164
Alemania,12-1969,,,171,29179962,32014629,61194591
Alemania,12-1968,,,169,28716238,31746795,60463033
Alemania,12-1967,,,168,28418493,31529981,59948474
Alemania,12-1966,,,168,28399595,31393339,59792934
Alemania,12-1965,,,166,28171017,31125574,59296591
Alemania,12-1964,,,164,27764732,30822719,58587451
Alemania,12-1963,,,162,27351588,30512921,57864509
Alemania,12-1962,,,160,27028246,30219000,57247246
Alemania,12-1961,,,159,26637794,29951354,56589148
Alemania,12-1960,,,157,26327705,29630616,55958321
Alemania,12-1959,,,155,25911727,29345361,55257088
Reino Unido,12-2019,,,275,33007819,33826586,67025542
Reino Unido,12-2005,,,249,29651378,30968983,60620361
Reino Unido,12-2004,,,247,29419090,30762960,60182050
Reino Unido,12-2003,,,245,29211268,30582491,59793759
Reino Unido,12-2002,,,244,29049154,30452240,59501394
Reino Unido,12-2001,,,243,28902614,30336950,59239564
Reino Unido,12-2000,,,242,28761435,30238346,58999781
Reino Unido,12-1999,,,241,28634462,30150784,58785246
Reino Unido,12-1998,,,240,28518417,30061268,58579685
Reino Unido,12-1997,,,240,28414697,29979899,58394596
Reino Unido,12-1996,,,239,28329090,29910222,58239312
Reino Unido,12-1995,,,238,28245423,29849164,58094587
Reino Unido,12-1994,,,238,28156016,29787456,57943472
Reino Unido,12-1993,,,237,28073802,29714215,57788017
Reino Unido,12-1992,,,237,28008061,29641149,57649210
Reino Unido,12-1991,,,236,27942925,29568669,57511594
Reino Unido,12-1990,,,235,27863833,29474366,57338199
Reino Unido,12-1989,,,235,27773688,29383284,57156972
Reino Unido,12-1988,,,234,27690230,29306220,56996450
Reino Unido,12-1987,,,233,27625242,29234961,56860203
Reino Unido,12-1986,,,233,27570391,29173506,56743897
Reino Unido,12-1985,,,232,27515344,29103551,56618895
Reino Unido,12-1984,,,232,27454695,29026946,56481641
Reino Unido,12-1983,,,231,27396027,28966475,56362502
Reino Unido,12-1982,,,231,27367500,28935694,56303194
Reino Unido,12-1981,,,231,27387578,28936510,56324088
Reino Unido,12-1980,,,231,27411355,28932214,56343569
Reino Unido,12-1979,,,231,27392202,28892661,56284863
Reino Unido,12-1978,,,231,27351415,28857624,56209039
Reino Unido,12-1977,,,231,27337263,28846705,56183968
Reino Unido,12-1976,,,231,27352693,28850323,56203016
Reino Unido,12-1975,,,231,27360711,28860209,56220920
Reino Unido,12-1974,,,231,27354879,28875801,56230680
Reino Unido,12-1973,,,231,27340202,28889066,56229268
Reino Unido,12-1972,,,231,27295535,28864250,56159785
Reino Unido,12-1971,,,230,27213366,28798979,56012345
Reino Unido,12-1970,,,229,27079400,28700700,55780100
Reino Unido,12-1969,,,228,26949600,28596800,55546400
Reino Unido,12-1968,,,227,26846000,28491100,55337100
Reino Unido,12-1967,,,226,26728800,28357500,55086300
Reino Unido,12-1966,,,225,26592300,28208600,54800900
Reino Unido,12-1965,,,224,26439500,28056700,54496100
Reino Unido,12-1964,,,222,26300000,27900000,54200000
Reino Unido,12-1963,,,221,26100000,27700000,53800000
Reino Unido,12-1962,,,220,25900000,27500000,53500000
Reino Unido,12-1961,,,218,25700000,27400000,53000000
Reino Unido,12-1960,,,216,25400000,27200000,52600000
Reino Unido,12-1959,,,214,25200000,27000000,52200000
Francia,12-2019,,,123,32532669,34787547,67320216
Francia,12-2005,,,115,30591100,32638535,63229635
Francia,12-2004,,,114,30385862,32387008,62772870
Francia,12-2003,,,113,30171688,32120553,62292241
Francia,12-2002,,,113,29976600,31887488,61864088
Francia,12-2001,,,112,29778112,31645924,61424036
Francia,12-2000,,,111,29578326,31400989,60979315
Francia,12-1999,,,110,29383653,31161369,60545022
Francia,12-1998,,,110,29214237,30944296,60158533
Francia,12-1997,,,109,29112484,30822400,59934884
Francia,12-1996,,,109,29020418,30705968,59726386
Francia,12-1995,,,108,28929309,30592988,59522297
Francia,12-1994,,,108,28841197,30473942,59315139
Francia,12-1993,,,108,28752019,30352301,59104320
Francia,12-1992,,,107,28657949,30227980,58885929
Francia,12-1991,,,107,28527539,30077312,58604851
Francia,12-1990,,,106,28391114,29922325,58313439
Francia,12-1989,,,106,28203735,29736477,58029398
Francia,12-1988,,,105,28058073,29569032,57688189
Francia,12-1987,,,104,27906858,29395805,57349954
Francia,12-1986,,,104,27755060,29221063,57033941
Francia,12-1985,,,103,27606557,29048139,56738825
Francia,12-1984,,,103,27460701,28876965,56461236
Francia,12-1983,,,102,27316768,28707002,56180589
Francia,12-1982,,,102,27178329,28540604,55918081
Francia,12-1981,,,101,27049772,28380524,55583694
Francia,12-1980,,,98,26933270,28228257,53731000
Francia,12-1979,,,100,26831677,28085441,54917118
Francia,12-1978,,,100,26741557,27950294,54691851
Francia,12-1977,,,99,26651006,27816696,54467702
Francia,12-1976,,,99,26543828,27676194,54220022
Francia,12-1975,,,98,26408635,27522755,53931390
Francia,12-1974,,,98,26239521,27352712,53592233
Francia,12-1973,,,97,26040146,27167588,53207734
Francia,12-1972,,,96,25820456,26972682,52793138
Francia,12-1971,,,95,25595353,26775989,52371342
Francia,12-1970,,,95,25375129,26582609,51957738
Francia,12-1969,,,94,25165151,26396685,51561836
Francia,12-1968,,,93,24960823,26214685,51175508
Francia,12-1967,,,92,24750717,26025077,50775794
Francia,12-1966,,,92,24518388,25811874,50330262
Francia,12-1965,,,91,24253168,25564860,49818028
Francia,12-1964,,,90,23951116,25279479,49230595
Francia,12-1963,,,88,23619678,24962933,48582611
Francia,12-1962,,,87,23273576,24631301,47904877
Francia,12-1961,,,86,22933449,24307094,47240543
Francia,12-1960,,,85,22614666,24007003,46621669
Italia,12-2019,,,197,29050096,30591392,59641488
Italia,12-2005,,,193,28138577,29925637,58064214
Italia,12-2004,,,192,28044210,29830543,57874753
Italia,12-2003,,,191,27845601,29650299,57495900
Italia,12-2002,,,190,27658649,29471857,57130506
Italia,12-2001,,,189,27585050,29402457,56987507
Italia,12-2000,,,189,27576326,29384366,56960692
Italia,12-1999,,,189,27562988,29360536,56923524
Italia,12-1998,,,189,27563748,29345361,56909109
Italia,12-1997,,,189,27571578,29332801,56904379
Italia,12-1996,,,189,27566774,29309590,56876364
Italia,12-1995,,,189,27560294,29283903,56844197
Italia,12-1994,,,189,27568963,29275445,56844408
Italia,12-1993,,,189,27576391,29266001,56842392
Italia,12-1992,,,189,27572056,29249194,56821250
Italia,12-1991,,,188,27553963,29218960,56772923
Italia,12-1990,,,188,27547371,29196748,56744119
Italia,12-1989,,,188,27527829,29166531,56694360
Italia,12-1988,,,188,27511139,29138062,56649201
Italia,12-1987,,,188,27495567,29113808,56609375
Italia,12-1986,,,188,27493442,29101045,56594487
Italia,12-1985,,,188,27500167,29097656,56597823
Italia,12-1984,,,188,27501075,29087244,56588319
Italia,12-1983,,,188,27496083,29069034,56565117
Italia,12-1982,,,188,27500193,29062838,56563031
Italia,12-1981,,,188,27487428,29036636,56524064
Italia,12-1980,,,187,27485213,28994072,56479285
Italia,12-1979,,,187,27459187,28929293,56388480
Italia,12-1978,,,187,27409332,28837685,56247017
Italia,12-1977,,,186,27337858,28725411,56063269
Italia,12-1976,,,185,27249308,28598245,55847553
Italia,12-1975,,,184,27137474,28451492,55588966
Italia,12-1974,,,183,27006597,28286439,55293036
Italia,12-1973,,,182,26840113,28088587,54928700
Italia,12-1972,,,181,26677131,27896980,54574111
Italia,12-1971,,,180,26499055,27689524,54188579
Italia,12-1970,,,179,26390700,27567700,53958400
Italia,12-1969,,,178,26260000,27425300,53685300
Italia,12-1968,,,177,26122300,27268300,53390600
Italia,12-1967,,,176,25974500,27106400,53080900
Italia,12-1966,,,175,25803300,26916800,52720100
Italia,12-1965,,,174,25607700,26710200,52317900
Italia,12-1964,,,172,25408000,26498800,51906800
Italia,12-1963,,,171,25186700,26257200,51443900
Italia,12-1962,,,169,25000600,26059500,51060100
Italia,12-1961,,,168,24829100,25869700,50698800
Italia,12-1960,,,167,24668700,25705200,50373900
Italia,12-1959,,,166,24498900,25526600,50025500
Portugal,12-2019,,,112,4859977,5435932,10295909
Portugal,12-2005,,,114,5058813,5453175,10511988
Portugal,12-2004,,,114,5053722,5440950,10494672
Portugal,12-2003,,,114,5047329,5425721,10473050
Portugal,12-2002,,,113,5037340,5407252,10444592
Portugal,12-2001,,,113,5019374,5375295,10394669
Portugal,12-2000,,,112,4986458,5344316,10330774
Portugal,12-1999,,,111,4944150,5304872,10249022
Portugal,12-1998,,,111,4912169,5274465,10186634
Portugal,12-1997,,,110,4885382,5248376,10133758
Portugal,12-1996,,,109,4860523,5223673,10084196
Portugal,12-1995,,,109,4839946,5203747,10043693
Portugal,12-1994,,,109,4821929,5186730,10008659
Portugal,12-1993,,,108,4804894,5169497,9974391
Portugal,12-1992,,,108,4796090,5158868,9954958
Portugal,12-1991,,,108,4795177,5154852,9950029
Portugal,12-1990,,,108,4806553,5163888,9970441
Portugal,12-1989,,,109,4819318,5176677,9995995
Portugal,12-1988,,,109,4828820,5185185,10014005
Portugal,12-1987,,,109,4834731,5190484,10025215
Portugal,12-1986,,,109,4839557,5195289,10034846
Portugal,12-1985,,,109,4837388,5193233,10030621
Portugal,12-1984,,,109,4830522,5186083,10016605
Portugal,12-1983,,,108,4809921,5165938,9975859
Portugal,12-1982,,,108,4791219,5148652,9939871
Portugal,12-1981,,,107,4762918,5120752,9883670
Portugal,12-1980,,,107,4731003,5088051,9819054
Portugal,12-1979,,,105,4670680,5042890,9713570
Portugal,12-1978,,,104,4609200,4999760,9608960
Portugal,12-1977,,,103,4548930,4958610,9507540
Portugal,12-1976,,,102,4487820,4915990,9403810
Portugal,12-1975,,,101,4431280,4876530,9307810
Portugal,12-1974,,,96,4198390,4680740,8879130
Portugal,12-1973,,,94,4060920,4568680,8629600
Portugal,12-1972,,,94,4080040,4556560,8636600
Portugal,12-1971,,,94,4077890,4546370,8624260
Portugal,12-1970,,,94,4109360,4553892,8663252
Portugal,12-1969,,,94,4158040,4539570,8697610
Portugal,12-1968,,,96,4224080,4593720,8817800
Portugal,12-1967,,,96,4222680,4632820,8855500
Portugal,12-1966,,,97,4226340,4667200,8893540
Portugal,12-1965,,,97,4268630,4699810,8968440
Portugal,12-1964,,,98,4307140,4721610,9028750
Portugal,12-1963,,,98,4328900,4713080,9041980
Portugal,12-1962,,,98,4314750,4703980,9018730
Portugal,12-1961,,,97,4293700,4675540,8969240
Portugal,12-1960,,,96,4254416,4634976,8889392
Portugal,12-1959,,,96,4222790,4603250,8826040
Estados Unidos,12-2019,,,33,162462628,165867325,328547000
Estados Unidos,12-2005,,,31,145826206,149690393,295516599
Estados Unidos,12-2004,,,30,144449661,148355637,292805298
Estados Unidos,12-2003,,,30,143072568,147035365,290107933
Estados Unidos,12-2002,,,30,141795060,145830133,287625193
Estados Unidos,12-2001,,,30,140427831,144541124,284968955
Estados Unidos,12-2000,,,29,138983981,143178430,282162411
Estados Unidos,12-1999,,,29,137383155,141656845,279040168
Estados Unidos,12-1998,,,29,135749655,140104345,275854104
Estados Unidos,12-1997,,,28,134108786,138548214,272646925
Estados Unidos,12-1996,,,28,132432633,136961367,269394284
Estados Unidos,12-1995,,,28,130826150,135451850,266278393
Estados Unidos,12-1994,,,27,129197874,133928126,263125821
Estados Unidos,12-1993,,,27,127540992,132378008,259918588
Estados Unidos,12-1992,,,27,125794343,130719657,256514224
Estados Unidos,12-1991,,,26,124003925,128977075,252980941
Estados Unidos,12-1990,,,26,122325569,127297431,249622814
Estados Unidos,12-1989,,,26,120949735,125869265,246819222
Estados Unidos,12-1988,,,25,119837998,124661002,244499004
Estados Unidos,12-1987,,,25,118794437,123494563,242288936
Estados Unidos,12-1986,,,25,117773586,122359414,240132831
Estados Unidos,12-1985,,,25,116710474,121213526,237923734
Estados Unidos,12-1984,,,24,115679075,120145925,235824907
Estados Unidos,12-1983,,,24,114662901,119129099,233792014
Estados Unidos,12-1982,,,24,113594864,118069136,231664432
Estados Unidos,12-1981,,,24,112504755,116961245,229465744
Estados Unidos,12-1980,,,24,111417847,115807153,227224719
Estados Unidos,12-1979,,,23,110394933,114660067,224568579
Estados Unidos,12-1978,,,23,109248279,113336721,222098244
Estados Unidos,12-1977,,,23,108174523,112064477,219760875
Estados Unidos,12-1976,,,23,107166230,110868770,217553859
Estados Unidos,12-1975,,,22,106212123,109760877,215456585
Estados Unidos,12-1974,,,22,105209403,108644597,213333635
Estados Unidos,12-1973,,,22,104276325,107632675,211349205
Estados Unidos,12-1972,,,22,103303479,106592521,209274882
Estados Unidos,12-1971,,,21,102229271,105431729,206817509
Estados Unidos,12-1970,,,21,100988387,104063613,203798722
Estados Unidos,12-1969,,,21,99883728,102793272,201298000
Estados Unidos,12-1968,,,21,98994322,101711678,199312000
Estados Unidos,12-1967,,,20,98100687,100611313,197375000
Estados Unidos,12-1966,,,20,97122939,99437061,195499000
Estados Unidos,12-1965,,,20,96077912,98225088,193460000
Estados Unidos,12-1964,,,20,94937051,96951949,191085000
Estados Unidos,12-1963,,,20,93666285,95575715,188434000
Estados Unidos,12-1962,,,19,92357695,94180305,185739000
Estados Unidos,12-1961,,,19,90976431,92714569,182976000
Estados Unidos,12-1960,,,19,89513346,91157654,179972000
Estados Unidos,12-1959,,,18,0,0,177136000
Estados Unidos,12-1958,,,18,0,0,174153000
Estados Unidos,12-1957,,,18,0,0,171178000
Estados Unidos,12-1956,,,17,0,0,168078000
Estados Unidos,12-1955,,,17,0,0,165058000
Estados Unidos,12-1954,,,17,0,0,161881000
Estados Unidos,12-1953,,,17,0,0,158946000
Estados Unidos,12-1952,,,16,0,0,156369000
Estados Unidos,12-1951,,,16,0,0,153970000
Estados Unidos,12-1950,,,16,0,0,151871000
Estados Unidos,12-1949,,,15,0,0,148666000
Estados Unidos,12-1948,,,15,0,0,146091000
Estados Unidos,12-1947,,,15,0,0,143665000
Estados Unidos,12-1946,,,15,0,0,140638000
Estados Unidos,12-1945,,,14,0,0,133387000
Estados Unidos,12-1944,,,14,0,0,134075000
Estados Unidos,12-1943,,,14,0,0,134697000
Estados Unidos,12-1942,,,14,0,0,134670000
Estados Unidos,12-1941,,,14,0,0,133417000
Estados Unidos,12-1940,,,14,0,0,131955000
Estados Unidos,12-1939,,,14,0,0,130884000
Estados Unidos,12-1938,,,13,0,0,129825000
Estados Unidos,12-1937,,,13,0,0,128822000
Estados Unidos,12-1936,,,13,0,0,128054000
Estados Unidos,12-1935,,,13,0,0,127251000
Estados Unidos,12-1934,,,13,0,0,126372000
Estados Unidos,12-1933,,,13,0,0,125580000
Estados Unidos,12-1932,,,13,0,0,124839000
Estados Unidos,12-1931,,,13,0,0,124038000
Estados Unidos,12-1930,,,13,0,0,123075000
Estados Unidos,12-1929,,,13,0,0,121769000
Japón,12-2019,,,334,61659571,64605360,126190000
Japón,12-2005,,,338,62614535,65158465,127752000
Japón,12-2004,,,338,62634379,65126621,127734000
Japón,12-2003,,,338,62639196,65078804,127634000
Japón,12-2002,,,337,62531474,64913526,127400000
Japón,12-2001,,,336,62412936,64736064,127132000
Japón,12-2000,,,336,62290064,64552936,126831000
Japón,12-1999,,,335,62214055,64416945,126587000
Japón,12-1998,,,334,62129048,64270952,126349000
Japón,12-1997,,,334,61988325,64068675,126011000
Japón,12-1996,,,333,61866809,63890191,125711000
Japón,12-1995,,,332,61749884,63722116,125436000
Japón,12-1994,,,331,61625182,63552818,125116000
Japón,12-1993,,,330,61470370,63358630,124770000
Japón,12-1992,,,329,61286598,63138402,124367000
Japón,12-1991,,,328,61074529,62889471,123928000
Japón,12-1990,,,327,60851042,62626958,123438000
Japón,12-1989,,,326,60666858,62402142,123028000
Japón,12-1988,,,324,60443022,62134978,122548000
Japón,12-1987,,,323,60209971,61859029,122031000
Japón,12-1986,,,321,59936513,61545487,121446000
Japón,12-1985,,,320,59631344,61205656,120800000
Japón,12-1984,,,318,59268894,60814106,120050000
Japón,12-1983,,,316,58892459,60414541,119271000
Japón,12-1982,,,314,58488247,59991753,118451000
Japón,12-1981,,,311,58086223,59574777,117623000
Japón,12-1980,,,309,57665753,59141247,116769000
Japón,12-1979,,,307,57213296,58676704,115890000
Japón,12-1978,,,304,56730108,58182892,114913000
Japón,12-1977,,,301,56213728,57658272,113872000
Japón,12-1976,,,299,55667397,57107603,112775000
Japón,12-1975,,,295,55066513,56506487,111573000
Japón,12-1974,,,292,54359699,55802301,110162000
Japón,12-1973,,,288,53628880,55078120,108707000
Japón,12-1972,,,284,52864963,54323037,107188000
Japón,12-1971,,,280,52114377,53582623,105697000
Japón,12-1970,,,274,50968410,52434590,103403000
Japón,12-1969,,,271,50370171,51848829,102219000
Japón,12-1968,,,267,49760652,51250348,101011000
Japón,12-1967,,,264,49189994,50689006,99879000
Japón,12-1966,,,262,48672999,50178001,98851000
Japón,12-1965,,,259,48222585,49729415,97952000
Japón,12-1964,,,256,47701787,49201213,96903000
Japón,12-1963,,,254,47206635,48693365,95900000
Japón,12-1962,,,251,46730857,48202143,94933000
Japón,12-1961,,,249,46298617,47756383,94055000
Japón,12-1960,,,247,45883842,47332158,93216000
China,12-2019,,,147,722264717,685480283,1410080000
China,12-2005,,,136,673750000,633810000,1307560000
China,12-2004,,,135,669760000,630120000,1299880000
China,12-2003,,,135,665560000,626710000,1292270000
China,12-2002,,,134,661150000,623380000,1284530000
China,12-2001,,,133,656720000,619550000,1276270000
China,12-2000,,,132,654370000,613060000,1267430000
China,12-1999,,,131,646920000,610940000,1257860000
China,12-1998,,,130,639400000,608210000,1247610000
China,12-1997,,,129,631310000,604950000,1236260000
China,12-1996,,,127,622000000,601890000,1223890000
China,12-1995,,,126,618080000,593130000,1211210000
China,12-1994,,,125,612460000,586040000,1198500000
China,12-1993,,,123,604720000,580450000,1185170000
China,12-1992,,,122,598110000,573600000,1171710000
China,12-1991,,,121,594660000,563570000,1158230000
China,12-1990,,,119,589040000,554290000,1143330000
China,12-1989,,,117,580990000,546050000,1127040000
China,12-1988,,,116,572010000,538250000,1110260000
China,12-1987,,,114,562900000,530100000,1093000000
China,12-1986,,,112,555810000,519260000,1075070000
China,12-1985,,,110,547250000,511260000,1058510000
China,12-1984,,,109,538480000,505090000,1043570000
China,12-1983,,,107,531520000,498560000,1030080000
China,12-1982,,,106,523520000,493020000,1016540000
China,12-1981,,,104,515190000,485530000,1000720000
China,12-1980,,,103,507850000,479200000,987050000
China,12-1979,,,102,501920000,473500000,975420000
China,12-1978,,,100,495670000,466920000,962590000
China,12-1977,,,99,489080000,460660000,949740000
China,12-1976,,,98,482570000,454600000,937170000
China,12-1975,,,96,475640000,448560000,924200000
China,12-1974,,,95,467270000,441320000,908590000
China,12-1973,,,93,458760000,433350000,892110000
China,12-1972,,,91,448130000,423640000,871770000
China,12-1971,,,89,438190000,414100000,852290000
China,12-1970,,,86,426860000,403060000,829920000
China,12-1969,,,84,412890000,393820000,806712000
China,12-1968,,,82,402260000,383080000,785342000
China,12-1967,,,80,391150000,372530000,763682000
China,12-1966,,,78,381890000,363530000,745420000
China,12-1965,,,76,371280000,354100000,725380000
China,12-1964,,,73,361420000,343570000,704991000
China,12-1963,,,72,355330000,336390000,691720000
China,12-1962,,,70,345170000,327780000,672955000
China,12-1961,,,69,338800000,319790000,658591000
China,12-1960,,,69,342830000,319240000,662070000
China,12-1959,,,70,348900000,323170000,672069000
China,12-1958,,,69,341950000,317990000,659943000
China,12-1957,,,68,334690000,311840000,646533000
China,12-1956,,,66,325360000,302920000,628283000
China,12-1955,,,64,318090000,296560000,614650000
China,12-1954,,,63,312420000,290240000,602664000
China,12-1953,,,61,304680000,283280000,587960000
China,12-1952,,,60,298330000,276490000,574820000
China,12-1951,,,59,292310000,270690000,563000000
China,12-1950,,,58,286690000,265270000,551960000
China,12-1949,,,57,281450000,260220000,541670000
Andorra,12-2020,,,166,0,0,78000
Andorra,12-2019,,,165,0,0,77543
Andorra,12-2018,,,162,38789,37388,76177
Andorra,12-2017,,,159,0,0,74794
Andorra,12-2016,,,156,0,0,73105
Andorra,12-2015,,,153,0,0,71732
Andorra,12-2014,,,151,0,0,71000
Andorra,12-2013,,,149,0,0,70000
Andorra,12-2012,,,162,38838,37408,76246
Andorra,12-2011,,,166,39863,38252,78115
Andorra,12-2010,,,166,39863,38252,78115
Andorra,12-2009,,,179,43786,40296,84082
Andorra,12-2008,,,180,44181,40303,84484
Andorra,12-2007,,,177,43515,39622,83137
Andorra,12-2006,,,173,42517,38705,81222
Andorra,12-2005,,,167,40974,37575,78549
Andorra,12-2004,,,164,40085,36790,76875
Andorra,12-2003,,,154,37582,34738,72320
Andorra,12-2002,,,143,34805,32354,67159
Andorra,12-2001,,,141,34419,31915,66334
Andorra,12-2000,,,140,34268,31576,65844
Andorra,12-1999,,,140,34433,31538,65971
Andorra,12-1998,,,140,34493,31384,65877
Andorra,12-1997,,,139,34281,31025,65306
Andorra,12-1996,,,137,33852,30627,64479
Andorra,12-1995,,,136,33659,30200,63859
Andorra,12-1994,,,137,34083,30228,64311
Andorra,12-1993,,,139,34820,30406,65226
Andorra,12-1992,,,131,32735,28864,61599
Andorra,12-1991,,,126,31476,27572,59048
Andorra,12-1990,,,116,28965,25542,54507
Andorra,12-1989,,,108,26716,24171,50887
Andorra,12-1988,,,108,26715,23813,50528
Andorra,12-1987,,,103,25637,22814,48451
Andorra,12-1986,,,100,24828,22148,46976
Andorra,12-1985,,,95,23695,20898,44593
Andorra,12-1984,,,91,0,0,42706
Andorra,12-1983,,,87,0,0,40854
Andorra,12-1982,,,83,0,0,39115
Andorra,12-1981,,,80,0,0,37498
Andorra,12-1980,,,77,0,0,36063
Andorra,12-1979,,,74,0,0,34825
Andorra,12-1978,,,72,0,0,33744
Andorra,12-1977,,,70,0,0,32769
Andorra,12-1976,,,68,0,0,31782
Andorra,12-1975,,,65,0,0,30705
Andorra,12-1974,,,63,0,0,29515
Andorra,12-1973,,,60,0,0,28232
Andorra,12-1972,,,57,0,0,26885
Andorra,12-1971,,,54,0,0,25571
Andorra,12-1970,,,52,0,0,24275
Andorra,12-1969,,,49,0,0,23053
Andorra,12-1968,,,47,0,0,21886
Andorra,12-1967,,,44,0,0,20760
Andorra,12-1966,,,42,0,0,19646
Andorra,12-1965,,,39,0,0,18542
Andorra,12-1964,,,37,0,0,17466
Andorra,12-1963,,,35,0,0,16407
Andorra,12-1962,,,33,0,0,15379
Andorra,12-1961,,,31,0,0,14378
Andorra,12-1960,,,29,0,0,13410
Emiratos Árabes Unidos,12-2019,,,96,6766806,3003720,9504000
Emiratos Árabes Unidos,12-2005,,,42,3229499,1358723,4106000
Emiratos Árabes Unidos,12-2004,,,38,2815233,1253344,3761000
Emiratos Árabes Unidos,12-2003,,,36,2538205,1173726,3551000
Emiratos Árabes Unidos,12-2002,,,34,2364952,1113817,3349000
Emiratos Árabes Unidos,12-2001,,,32,2238739,1063983,3167000
Emiratos Árabes Unidos,12-2000,,,30,2117135,1016932,2995000
Emiratos Árabes Unidos,12-1999,,,31,1994790,971239,3033000
Emiratos Árabes Unidos,12-1998,,,29,1884698,928516,2834000
Emiratos Árabes Unidos,12-1997,,,26,1783468,887893,2580000
Emiratos Árabes Unidos,12-1996,,,25,1690124,848997,2443000
Emiratos Árabes Unidos,12-1995,,,24,1603591,811508,2411000
Emiratos Árabes Unidos,12-1994,,,23,1520014,774363,2230000
Emiratos Árabes Unidos,12-1993,,,21,1436225,736910,2083000
Emiratos Árabes Unidos,12-1992,,,20,1353140,699752,2011000
Emiratos Árabes Unidos,12-1991,,,20,1273240,663919,1928000
Emiratos Árabes Unidos,12-1990,,,19,1198320,630117,1844000
Emiratos Árabes Unidos,12-1989,,,19,1127175,598501,1860000
Emiratos Árabes Unidos,12-1988,,,18,1058566,568502,1790000
Emiratos Árabes Unidos,12-1987,,,15,994304,539222,1500000
Emiratos Árabes Unidos,12-1986,,,15,936916,509470,1440000
Emiratos Árabes Unidos,12-1985,,,14,887752,478413,1380000
Emiratos Árabes Unidos,12-1984,,,13,848171,445799,1310000
Emiratos Árabes Unidos,12-1983,,,12,816444,412013,1210000
Emiratos Árabes Unidos,12-1982,,,12,787194,377622,1170000
Emiratos Árabes Unidos,12-1981,,,11,753072,343530,1100000
Emiratos Árabes Unidos,12-1980,,,10,709050,310457,1010000
Emiratos Árabes Unidos,12-1979,,,9,653182,278570,931752
Emiratos Árabes Unidos,12-1978,,,8,587600,247898,835498
Emiratos Árabes Unidos,12-1977,,,7,516456,218891,735347
Emiratos Árabes Unidos,12-1976,,,6,445899,192027,637926
Emiratos Árabes Unidos,12-1975,,,6,380638,167657,548295
Emiratos Árabes Unidos,12-1974,,,5,321530,145927,467457
Emiratos Árabes Unidos,12-1973,,,4,267795,126830,394625
Emiratos Árabes Unidos,12-1972,,,3,220534,110434,330968
Emiratos Árabes Unidos,12-1971,,,3,180691,96772,277463
Emiratos Árabes Unidos,12-1970,,,2,148725,85787,234512
Emiratos Árabes Unidos,12-1969,,,2,125546,77557,203103
Emiratos Árabes Unidos,12-1968,,,2,110740,71880,182620
Emiratos Árabes Unidos,12-1967,,,2,101773,67995,169768
Emiratos Árabes Unidos,12-1966,,,2,95055,64924,159979
Emiratos Árabes Unidos,12-1965,,,2,87929,61926,149855
Emiratos Árabes Unidos,12-1964,,,1,79383,58666,138049
Emiratos Árabes Unidos,12-1963,,,1,69927,55203,125130
Emiratos Árabes Unidos,12-1962,,,1,60376,51736,112112
Emiratos Árabes Unidos,12-1961,,,1,52159,48642,100801
Emiratos Árabes Unidos,12-1960,,,1,46268,46149,92417
Afganistán,12-2020,,,60,19976265,18952076,38928341
Afganistán,12-2019,,,49,19529727,18512030,32200000
Afganistán,12-2018,,,48,19093043,18078879,31600000
Afganistán,12-2017,,,45,18651985,17644126,29700000
Afganistán,12-2016,,,45,18186994,17196034,29200000
Afganistán,12-2015,,,44,17686166,16727437,28425000
Afganistán,12-2014,,,42,17138803,16232001,27601000
Afganistán,12-2013,,,41,16554278,15715314,26736000
Afganistán,12-2012,,,40,15964874,15196504,25864000
Afganistán,12-2011,,,38,15415361,14702050,25031000
Afganistán,12-2010,,,37,14935756,14249755,24269000
Afganistán,12-2009,,,36,14544055,13850751,23596000
Afganistán,12-2008,,,35,14225725,13496556,22997000
Afganistán,12-2007,,,34,13938970,13161572,22426000
Afganistán,12-2006,,,33,13623896,12809162,21596000
Afganistán,12-2005,,,32,13239684,12414590,20947000
Afganistán,12-2004,,,31,12763726,11962963,20237000
Afganistán,12-2003,,,30,12214634,11466237,19477000
Afganistán,12-2002,,,29,11642106,10958668,18707000
Afganistán,12-2001,,,33,11117754,10489238,21606992
Afganistán,12-2000,,,32,10689508,10090449,20779957
Afganistán,12-1999,,,31,10386589,9784258,20170847
Afganistán,12-1998,,,30,10184272,9553498,19737770
Afganistán,12-1997,,,30,10012241,9344885,19357126
Afganistán,12-1996,,,29,9770493,9082951,18853444
Afganistán,12-1995,,,28,9392627,8718035,18110662
Afganistán,12-1994,,,26,8848711,8227017,17075728
Afganistán,12-1993,,,24,8176785,7639816,15816601
Afganistán,12-1992,,,22,7461092,7024451,14485543
Afganistán,12-1991,,,20,6821673,6477343,13299016
Afganistán,12-1990,,,19,6344617,6067694,12412311
Afganistán,12-1989,,,18,6054345,5814528,11868873
Afganistán,12-1988,,,18,5922669,5695339,11618008
Afganistán,12-1987,,,18,5918156,5686382,11604538
Afganistán,12-1986,,,18,5988520,5747657,11736177
Afganistán,12-1985,,,18,6091889,5846315,11938204
Afganistán,12-1984,,,19,6224263,5980043,12204306
Afganistán,12-1983,,,19,6388704,6149028,12537732
Afganistán,12-1982,,,20,6557673,6324845,12882518
Afganistán,12-1981,,,20,6698730,6472949,13171679
Afganistán,12-1980,,,20,6788273,6568227,13356500
Afganistán,12-1979,,,21,6813205,6597855,13411060
Afganistán,12-1978,,,20,6776023,6565176,13341199
Afganistán,12-1977,,,20,6689144,6482150,13171294
Afganistán,12-1976,,,20,6573732,6369361,12943093
Afganistán,12-1975,,,19,6446273,6242891,12689164
Afganistán,12-1974,,,19,6308583,6104377,12412960
Afganistán,12-1973,,,19,6157843,5951120,12108963
Afganistán,12-1972,,,18,6000895,5790327,11791222
Afganistán,12-1971,,,18,5845351,5630099,11475450
Afganistán,12-1970,,,17,5697024,5476630,11173654
Afganistán,12-1969,,,17,5559836,5333936,10893772
Afganistán,12-1968,,,16,5434458,5202606,10637064
Afganistán,12-1967,,,16,5319123,5080813,10399936
Afganistán,12-1966,,,16,5210122,4964718,10174840
Afganistán,12-1965,,,15,5104765,4851553,9956318
Afganistán,12-1964,,,15,5003245,4741527,9744772
Afganistán,12-1963,,,15,4907030,4636170,9543200
Afganistán,12-1962,,,14,4816050,4535392,9351442
Afganistán,12-1961,,,14,4730250,4439156,9169406
Afganistán,12-1960,,,14,4649573,4347394,8996967
Antigua and Barbuda,12-2020,,,223,47269,50659,97928
Antigua and Barbuda,12-2019,,,221,46851,50264,97115
Antigua and Barbuda,12-2018,,,219,46419,49863,96282
Antigua and Barbuda,12-2017,,,217,45986,49439,95425
Antigua and Barbuda,12-2016,,,215,45518,49002,94520
Antigua and Barbuda,12-2015,,,213,45028,48543,93571
Antigua and Barbuda,12-2014,,,210,44502,48060,92562
Antigua and Barbuda,12-2013,,,208,43951,47559,91510
Antigua and Barbuda,12-2012,,,205,43373,47034,90407
Antigua and Barbuda,12-2011,,,195,42763,46487,86000
Antigua and Barbuda,12-2010,,,193,42118,45912,85000
Antigua and Barbuda,12-2009,,,191,41444,45299,84000
Antigua and Barbuda,12-2008,,,189,40731,44663,83000
Antigua and Barbuda,12-2007,,,186,40017,44012,82000
Antigua and Barbuda,12-2006,,,184,39314,43401,81000
Antigua and Barbuda,12-2005,,,182,38630,42832,80000
Antigua and Barbuda,12-2004,,,180,38009,42338,79000
Antigua and Barbuda,12-2003,,,180,37425,41886,79000
Antigua and Barbuda,12-2002,,,177,36854,41444,78000
Antigua and Barbuda,12-2001,,,175,36288,40924,77000
Antigua and Barbuda,12-2000,,,173,35710,40297,76000
Antigua and Barbuda,12-1999,,,168,35129,39545,74000
Antigua and Barbuda,12-1998,,,164,34538,38681,72000
Antigua and Barbuda,12-1997,,,159,33953,37754,70000
Antigua and Barbuda,12-1996,,,155,33366,36810,68000
Antigua and Barbuda,12-1995,,,152,32787,35885,67000
Antigua and Barbuda,12-1994,,,148,32207,34994,65000
Antigua and Barbuda,12-1993,,,143,31649,34128,63000
Antigua and Barbuda,12-1992,,,141,31118,33341,62000
Antigua and Barbuda,12-1991,,,139,30667,32696,61000
Antigua and Barbuda,12-1990,,,136,30314,32219,60000
Antigua and Barbuda,12-1989,,,136,30079,31928,60000
Antigua and Barbuda,12-1988,,,139,29935,31823,61000
Antigua and Barbuda,12-1987,,,141,29878,31835,62000
Antigua and Barbuda,12-1986,,,143,29849,31905,63000
Antigua and Barbuda,12-1985,,,145,29820,31965,64000
Antigua and Barbuda,12-1984,,,148,29787,31997,65000
Antigua and Barbuda,12-1983,,,150,29757,32022,66000
Antigua and Barbuda,12-1982,,,152,29738,32042,67000
Antigua and Barbuda,12-1981,,,155,29719,32070,68000
Antigua and Barbuda,12-1980,,,155,29728,32133,68000
Antigua and Barbuda,12-1979,,,141,29746,32202,61948
Antigua and Barbuda,12-1978,,,141,29769,32269,62038
Antigua and Barbuda,12-1977,,,141,29808,32354,62162
Antigua and Barbuda,12-1976,,,142,29876,32477,62353
Antigua and Barbuda,12-1975,,,142,30009,32662,62671
Antigua and Barbuda,12-1974,,,143,30212,32896,63108
Antigua and Barbuda,12-1973,,,145,30456,33193,63649
Antigua and Barbuda,12-1972,,,146,30677,33457,64134
Antigua and Barbuda,12-1971,,,146,30761,33593,64354
Antigua and Barbuda,12-1970,,,146,30645,33539,64184
Antigua and Barbuda,12-1969,,,144,30300,33253,63553
Antigua and Barbuda,12-1968,,,142,29740,32783,62523
Antigua and Barbuda,12-1967,,,139,29057,32183,61240
Antigua and Barbuda,12-1966,,,136,28351,31561,59912
Antigua and Barbuda,12-1965,,,133,27709,30990,58699
Antigua and Barbuda,12-1964,,,131,27140,30501,57641
Antigua and Barbuda,12-1963,,,129,26636,30065,56701
Antigua and Barbuda,12-1962,,,127,26185,29664,55849
Antigua and Barbuda,12-1961,,,125,25747,29258,55005
Antigua and Barbuda,12-1960,,,123,25295,28837,54132
Albania,12-2019,,,99,1420613,1425342,2845955
Albania,12-2005,,,104,1499360,1503969,3003329
Albania,12-2004,,,105,1506889,1512745,3019634
Albania,12-2003,,,106,1513750,1520481,3034231
Albania,12-2002,,,106,1518813,1526180,3044993
Albania,12-2001,,,106,1524455,1532563,3057018
Albania,12-2000,,,107,1527496,1535822,3063320
Albania,12-1999,,,106,1531735,1526762,3057026
Albania,12-1998,,,109,1533895,1515269,3121027
Albania,12-1997,,,108,1551862,1509636,3096529
Albania,12-1996,,,110,1580907,1507259,3160530
Albania,12-1995,,,109,1573900,1489045,3136032
Albania,12-1994,,,111,1566394,1470726,3200033
Albania,12-1993,,,110,1574860,1458423,3175535
Albania,12-1992,,,113,1527210,1567931,3239536
Albania,12-1991,,,112,1548488,1561843,3215038
Albania,12-1990,,,114,1582296,1558417,3279039
Albania,12-1989,,,113,1635723,1561058,3254541
Albania,12-1988,,,110,1616385,1525951,3169386
Albania,12-1987,,,108,1585097,1498508,3115286
Albania,12-1986,,,106,1551867,1470768,3051923
Albania,12-1985,,,104,1520919,1443843,2993347
Albania,12-1984,,,102,1489681,1414748,2936177
Albania,12-1983,,,100,1458845,1385115,2872681
Albania,12-1982,,,98,1428723,1355555,2815239
Albania,12-1981,,,96,1399324,1326732,2753316
Albania,12-1980,,,94,1371795,1300202,2698795
Albania,12-1979,,,92,1343973,1273859,2645198
Albania,12-1978,,,90,1317407,1248859,2590466
Albania,12-1977,,,88,1290226,1223320,2542066
Albania,12-1976,,,86,1261906,1196620,2485025
Albania,12-1975,,,85,1234350,1170481,2432027
Albania,12-1974,,,83,1206389,1143735,2377635
Albania,12-1973,,,81,1179206,1117546,2322613
Albania,12-1972,,,79,1151940,1091186,2270891
Albania,12-1971,,,77,1123796,1064057,2215361
Albania,12-1970,,,75,1097077,1038402,2160345
Albania,12-1969,,,73,1069539,1012156,2110612
Albania,12-1968,,,71,1039025,983247,2052778
Albania,12-1967,,,69,1009883,955715,1991765
Albania,12-1966,,,67,983649,930924,1939430
Albania,12-1965,,,66,958102,906689,1889715
Albania,12-1964,,,64,932145,881990,1839866
Albania,12-1963,,,62,905788,856833,1788404
Albania,12-1962,,,60,879556,831763,1736838
Albania,12-1961,,,59,853181,806619,1685800
Albania,12-1960,,,57,827031,781769,1633800
Albania,12-1959,,,55,0,0,1583800
Armenia,12-2019,,,100,1397005,1562689,2959694
Armenia,12-2006,,,108,1557399,1665554,3222953
Armenia,12-2005,,,108,1554111,1665123,3219234
Armenia,12-2004,,,108,1550600,1665200,3215800
Armenia,12-2003,,,108,1546700,1665500,3212200
Armenia,12-2002,,,108,1543600,1666700,3210300
Armenia,12-2001,,,108,1542400,1670500,3212900
Armenia,12-2000,,,108,1543100,1672200,3215300
Armenia,12-1999,,,109,1545700,1681200,3226900
Armenia,12-1998,,,109,1559000,1673100,3232100
Armenia,12-1997,,,109,1547500,1690700,3238200
Armenia,12-1996,,,109,1561000,1685000,3246000
Armenia,12-1995,,,109,1541600,1707200,3248800
Armenia,12-1994,,,111,1562322,1721342,3290000
Armenia,12-1993,,,113,1608299,1754812,3370000
Armenia,12-1992,,,116,1654932,1787888,3450000
Armenia,12-1991,,,118,1692670,1812579,3505249
Armenia,12-1990,,,119,1714812,1823352,3538164
Armenia,12-1989,,,119,1718651,1817822,3536473
Armenia,12-1988,,,118,1706511,1798156,3504667
Armenia,12-1987,,,116,1683010,1768937,3451947
Armenia,12-1986,,,114,1655209,1737055,3392264
Armenia,12-1985,,,112,1628363,1707572,3335935
Armenia,12-1984,,,110,1603710,1681883,3285593
Armenia,12-1983,,,109,1579964,1658628,3238592
Armenia,12-1982,,,107,1556873,1636823,3193696
Armenia,12-1981,,,106,1533514,1614582,3148096
Armenia,12-1980,,,104,1509208,1590551,3099759
Armenia,12-1979,,,103,1484313,1564794,3049107
Armenia,12-1978,,,101,1459384,1538035,2997419
Armenia,12-1977,,,99,1434124,1510251,2944375
Armenia,12-1976,,,97,1408110,1481473,2889583
Armenia,12-1975,,,95,1381018,1451734,2832752
Armenia,12-1974,,,93,1352770,1420980,2773750
Armenia,12-1973,,,91,1323509,1389271,2712780
Armenia,12-1972,,,89,1293461,1357023,2650484
Armenia,12-1971,,,87,1262939,1324777,2587716
Armenia,12-1970,,,85,1232158,1292909,2525067
Armenia,12-1969,,,83,1201281,1261657,2462938
Armenia,12-1968,,,81,1170242,1230900,2401142
Armenia,12-1967,,,79,1138849,1200284,2339133
Armenia,12-1966,,,77,1106799,1169239,2276038
Armenia,12-1965,,,74,1073911,1137405,2211316
Armenia,12-1964,,,72,1040244,1104760,2145004
Armenia,12-1963,,,70,1006016,1071568,2077584
Armenia,12-1962,,,68,971493,1038031,2009524
Armenia,12-1961,,,65,937048,1004450,1941498
Armenia,12-1960,,,63,903001,971118,1874119
Angola,12-2019,,,26,15744779,16080520,31825299
Angola,12-2012,,,20,12413552,12694373,24414000
Angola,12-2005,,,16,9639470,9794134,19851000
Angola,12-2004,,,15,9310252,9447886,19273000
Angola,12-2003,,,15,8999242,9122235,18711000
Angola,12-2002,,,15,8704663,8814755,18166000
Angola,12-2001,,,14,8423958,8521795,17637000
Angola,12-2000,,,14,8155019,8240458,17124000
Angola,12-1999,,,13,7897054,7969817,16625000
Angola,12-1998,,,13,7649743,7709857,16141000
Angola,12-1997,,,13,7411954,7459618,15671000
Angola,12-1996,,,12,7182535,7218187,15214000
Angola,12-1995,,,12,6960467,6984738,14771000
Angola,12-1994,,,12,6745130,6758623,14341000
Angola,12-1993,,,11,6535902,6539142,13923000
Angola,12-1992,,,11,6331966,6325395,13518000
Angola,12-1991,,,11,6132443,6116458,13124000
Angola,12-1990,,,10,5936747,5911638,12742000
Angola,12-1989,,,10,5744348,5710436,12410000
Angola,12-1988,,,10,5555245,5512806,12079000
Angola,12-1987,,,9,5370029,5319218,11760000
Angola,12-1986,,,9,5189649,5130467,11467000
Angola,12-1985,,,9,5014824,4947169,11149000
Angola,12-1984,,,8,4845528,4769228,9894000
Angola,12-1983,,,8,4681598,4596506,9639000
Angola,12-1982,,,8,4523437,4429534,9393000
Angola,12-1981,,,7,4371520,4268958,9151000
Angola,12-1980,,,7,4226099,4115191,8910000
Angola,12-1979,,,6,4088285,3969827,8058112
Angola,12-1978,,,6,3957984,3832790,7790774
Angola,12-1977,,,6,3832864,3700950,7533814
Angola,12-1976,,,6,3709688,3569942,7279630
Angola,12-1975,,,6,3586574,3437420,7023994
Angola,12-1974,,,5,3461420,3300203,6761623
Angola,12-1973,,,5,3336231,3161052,6497283
Angola,12-1972,,,5,3218099,3030866,6248965
Angola,12-1971,,,5,3116836,2924403,6041239
Angola,12-1970,,,5,3038800,2851560,5890360
Angola,12-1969,,,5,2986407,2817270,5803677
Angola,12-1968,,,5,2956184,2815789,5771973
Angola,12-1967,,,5,2940893,2833547,5774440
Angola,12-1966,,,5,2930185,2851120,5781305
Angola,12-1965,,,5,2916149,2854424,5770573
Angola,12-1964,,,5,2896907,2838088,5734995
Angola,12-1963,,,5,2873436,2805973,5679409
Angola,12-1962,,,4,2844081,2764418,5608499
Angola,12-1961,,,4,2807695,2723756,5531451
Angola,12-1960,,,4,2763710,2691228,5454938
Argentina,12-2019,,,16,21918496,23020216,44939000
Argentina,12-2005,,,14,18897365,19995559,38592000
Argentina,12-2004,,,14,18696321,19795649,38226000
Argentina,12-2003,,,14,18493545,19594321,37870000
Argentina,12-2002,,,13,18290786,19390957,37516000
Argentina,12-2001,,,13,18090636,19185008,37156000
Argentina,12-2000,,,13,17894725,18976071,36784000
Argentina,12-1999,,,13,17703778,18763440,36399000
Argentina,12-1998,,,13,17516475,18546976,36005000
Argentina,12-1997,,,13,17329978,18327460,35604000
Argentina,12-1996,,,13,17140285,18106091,35196000
Argentina,12-1995,,,13,16944568,17883600,34779000
Argentina,12-1994,,,12,16741939,17660730,34353000
Argentina,12-1993,,,12,16533271,17436832,33917000
Argentina,12-1992,,,12,16319702,17209618,33420000
Argentina,12-1991,,,12,16103089,16975913,32970000
Argentina,12-1990,,,12,15884933,16733715,32530000
Argentina,12-1989,,,11,15665740,16482397,31860000
Argentina,12-1988,,,11,15445500,16223439,31470000
Argentina,12-1987,,,11,15224776,15959635,31090000
Argentina,12-1986,,,11,15004082,15694882,30740000
Argentina,12-1985,,,11,14784017,15432267,30350000
Argentina,12-1984,,,11,14564673,15172424,29840000
Argentina,12-1983,,,11,14346711,14915338,29340000
Argentina,12-1982,,,10,14131938,14662612,28930000
Argentina,12-1981,,,10,13922618,14415896,28450000
Argentina,12-1980,,,10,13720268,14176264,27950000
Argentina,12-1979,,,10,13525890,13945156,27471046
Argentina,12-1978,,,10,13338877,13722164,27061041
Argentina,12-1977,,,10,13157248,13504149,26661397
Argentina,12-1976,,,9,12978038,13286643,26264681
Argentina,12-1975,,,9,12799152,13066623,25865775
Argentina,12-1974,,,9,12619741,12842564,25462305
Argentina,12-1973,,,9,12440493,12615982,25056475
Argentina,12-1972,,,9,12262581,12390591,24653172
Argentina,12-1971,,,9,12087859,12171705,24259564
Argentina,12-1970,,,9,11917560,11963004,23880564
Argentina,12-1969,,,8,11751890,11765723,23517613
Argentina,12-1968,,,8,11590066,11578202,23168268
Argentina,12-1967,,,8,11431146,11397726,22828872
Argentina,12-1966,,,8,11273783,11220248,22494031
Argentina,12-1965,,,8,11116912,11042732,22159644
Argentina,12-1964,,,8,10960185,10864242,21824427
Argentina,12-1963,,,8,10803570,10685346,21488916
Argentina,12-1962,,,8,10646704,10506338,21153042
Argentina,12-1961,,,7,10489279,10327991,20817270
Argentina,12-1960,,,7,10331018,10150763,20481781
Austria,12-2019,,,106,4378772,4522292,8901064
Austria,12-2005,,,98,4014344,4239954,8254298
Austria,12-2004,,,98,3984866,4216493,8201359
Austria,12-2003,,,97,3952600,4189973,8142573
Austria,12-2002,,,97,3929599,4170674,8100273
Austria,12-2001,,,96,3906734,4156906,8063640
Austria,12-2000,,,96,3881104,4139842,8020946
Austria,12-1999,,,95,3868331,4133855,8002186
Austria,12-1998,,,95,3856029,4126432,7982461
Austria,12-1997,,,95,3848305,4122811,7971116
Austria,12-1996,,,95,3844019,4120947,7964966
Austria,12-1995,,,95,3836950,4116117,7953067
Austria,12-1994,,,95,3831200,4112289,7943489
Austria,12-1993,,,95,3820889,4107857,7928746
Austria,12-1992,,,94,3793245,4089274,7882519
Austria,12-1991,,,93,3746551,4052348,7798899
Austria,12-1990,,,92,3696200,4014682,7710882
Austria,12-1989,,,91,3654915,3989903,7644818
Austria,12-1988,,,91,3623136,3971179,7594315
Austria,12-1987,,,90,3608710,3967609,7576319
Austria,12-1986,,,90,3602199,3970653,7572852
Austria,12-1985,,,90,3594380,3972356,7566736
Austria,12-1984,,,90,3588116,3975117,7563233
Austria,12-1983,,,90,3583422,3976213,7559635
Austria,12-1982,,,90,3582589,3981596,7564185
Austria,12-1981,,,90,3590286,3993808,7584094
Austria,12-1980,,,90,3570172,3983154,7553326
Austria,12-1979,,,90,3564180,3981359,7545539
Austria,12-1978,,,90,3567947,3985363,7553310
Austria,12-1977,,,90,3577044,3994255,7571299
Austria,12-1976,,,90,3573124,3992437,7565561
Austria,12-1975,,,90,3572603,3992886,7565489
Austria,12-1974,,,91,3589013,4003303,7592316
Austria,12-1973,,,91,3599383,4006377,7605760
Austria,12-1972,,,90,3575804,3990665,7566469
Austria,12-1971,,,90,3549863,3972070,7521933
Austria,12-1970,,,89,3525203,3953827,7479030
Austria,12-1969,,,89,3510844,3944298,7455142
Austria,12-1968,,,89,3494277,3932691,7426968
Austria,12-1967,,,88,3481478,3922359,7403837
Austria,12-1966,,,88,3450360,3899799,7350159
Austria,12-1965,,,87,3417414,3876559,7293973
Austria,12-1964,,,86,3390044,3857760,7247804
Austria,12-1963,,,86,3363383,3836415,7199798
Austria,12-1962,,,85,3337633,3814191,7151824
Austria,12-1961,,,85,3313774,3794130,7107904
Austria,12-1960,,,84,3291596,3773097,7064693
Austria,12-1959,,,84,3273218,3757167,7030385
Australia,12-2019,,,3,12632259,12733486,25558000
Australia,12-2005,,,3,10177992,10216808,20312000
Australia,12-2004,,,3,10042276,10085124,20046000
Australia,12-2003,,,3,9926226,9969174,19827000
Australia,12-2002,,,3,9805087,9846313,19605000
Australia,12-2001,,,3,9685959,9727041,19386000
Australia,12-2000,,,2,9554138,9598862,19141000
Australia,12-1999,,,2,9436429,9489571,18919000
Australia,12-1998,,,2,9323022,9387978,18706000
Australia,12-1997,,,2,9219689,9297311,18510000
Australia,12-1996,,,2,9111834,9199166,18330000
Australia,12-1995,,,2,8990295,9081705,18120000
Australia,12-1994,,,2,8882883,8972117,17893000
Australia,12-1993,,,2,8792533,8874467,17719000
Australia,12-1992,,,2,8711806,8783194,17557000
Australia,12-1991,,,2,8611895,8672105,17379000
Australia,12-1990,,,2,8507178,8557922,17170000
Australia,12-1989,,,2,8385577,8428823,16937000
Australia,12-1988,,,2,8247505,8284695,16687000
Australia,12-1987,,,2,8115539,8148361,16395000
Australia,12-1986,,,2,7994150,8024250,16139000
Australia,12-1985,,,2,7864596,7893404,15901000
Australia,12-1984,,,2,7757240,7786760,15677000
Australia,12-1983,,,2,7668484,7700516,15483000
Australia,12-1982,,,2,7571747,7606253,15289000
Australia,12-1981,,,2,7446239,7480761,15039000
Australia,12-1980,,,2,7330662,7361338,14802000
Australia,12-1979,,,2,7245826,7268174,14514000
Australia,12-1978,,,2,7173917,7184083,14358000
Australia,12-1977,,,2,7098112,7093888,14192000
Australia,12-1976,,,2,7025718,7007282,14033000
Australia,12-1975,,,2,6961880,6931120,13893000
Australia,12-1974,,,2,6881822,6841178,13723000
Australia,12-1973,,,2,6713994,6666006,13380000
Australia,12-1972,,,2,6615524,6561476,13177000
Australia,12-1971,,,2,6497909,6439091,12937000
Australia,12-1970,,,2,6284474,6222526,12507000
Australia,12-1969,,,2,6164079,6098921,12263000
Australia,12-1968,,,2,6038237,5970763,12009000
Australia,12-1967,,,2,5934372,5864628,11799000
Australia,12-1966,,,2,5861886,5789114,11651000
Australia,12-1965,,,1,5731969,5656031,11388000
Australia,12-1964,,,1,5623653,5543347,11167000
Australia,12-1963,,,1,5517705,5432295,10950000
Australia,12-1962,,,1,5416438,5325562,10742000
Australia,12-1961,,,1,5289298,5193702,10483000
Australia,12-1960,,,1,5188257,5088220,10276477
Azerbaiyán,12-2019,,,116,5028008,5039100,10067108
Azerbaiyán,12-2006,,,99,4205000,4327700,8532700
Azerbaiyán,12-2005,,,97,4152200,4284200,8436400
Azerbaiyán,12-2004,,,96,4103700,4243600,8347300
Azerbaiyán,12-2003,,,95,4058500,4207200,8265700
Azerbaiyán,12-2002,,,95,4023000,4179500,8202500
Azerbaiyán,12-2001,,,94,3988800,4152600,8141400
Azerbaiyán,12-2000,,,93,3954500,4126500,8081000
Azerbaiyán,12-1999,,,93,3918300,4097900,8016200
Azerbaiyán,12-1998,,,92,3880900,4068400,7949300
Azerbaiyán,12-1997,,,91,3883200,3993500,7876700
Azerbaiyán,12-1996,,,90,3845300,3954500,7799800
Azerbaiyán,12-1995,,,89,3802700,3923500,7726200
Azerbaiyán,12-1994,,,88,3710415,3886135,7597000
Azerbaiyán,12-1993,,,86,3661304,3833496,7487000
Azerbaiyán,12-1992,,,86,3607008,3775042,7459000
Azerbaiyán,12-1991,,,84,3553964,3717336,7271300
Azerbaiyán,12-1990,,,83,3508414,3666786,7175200
Azerbaiyán,12-1989,,,82,3486551,3640326,7126877
Azerbaiyán,12-1988,,,81,3431351,3578676,7010027
Azerbaiyán,12-1987,,,80,3376315,3517171,6893486
Azerbaiyán,12-1986,,,78,3321893,3456738,6778631
Azerbaiyán,12-1985,,,77,3268404,3398043,6666447
Azerbaiyán,12-1984,,,76,3216110,3341471,6557581
Azerbaiyán,12-1983,,,75,3165024,3287043,6452067
Azerbaiyán,12-1982,,,73,3114937,3234618,6349555
Azerbaiyán,12-1981,,,72,3065466,3183846,6249312
Azerbaiyán,12-1980,,,71,3016299,3134436,6150735
Azerbaiyán,12-1979,,,70,2967303,3086332,6053635
Azerbaiyán,12-1978,,,69,2918475,3039452,5957927
Azerbaiyán,12-1977,,,68,2869763,2993375,5863138
Azerbaiyán,12-1976,,,67,2821130,2947600,5768730
Azerbaiyán,12-1975,,,66,2772482,2901647,5674129
Azerbaiyán,12-1974,,,64,2723756,2855315,5579071
Azerbaiyán,12-1973,,,63,2674698,2808390,5483088
Azerbaiyán,12-1972,,,62,2624774,2760492,5385266
Azerbaiyán,12-1971,,,61,2573344,2711174,5284518
Azerbaiyán,12-1970,,,60,2519915,2660117,5180032
Azerbaiyán,12-1969,,,59,2464556,2607374,5071930
Azerbaiyán,12-1968,,,57,2407315,2552922,4960237
Azerbaiyán,12-1967,,,56,2347682,2496190,4843872
Azerbaiyán,12-1966,,,55,2285021,2436507,4721528
Azerbaiyán,12-1965,,,53,2219055,2373546,4592601
Azerbaiyán,12-1964,,,51,2149591,2307100,4456691
Azerbaiyán,12-1963,,,50,2077303,2237824,4315127
Azerbaiyán,12-1962,,,48,2003976,2167452,4171428
Azerbaiyán,12-1961,,,47,1932010,2098315,4030325
Azerbaiyán,12-1960,,,45,1863218,2032180,3895398
